{"ppm": [34.616331951838326, 4.479570389295857], "width": 3.6, "length": 3.6, "ref_image": "data/calibrate_2.jpeg"}